Nr.,Wygenerowany czas
0,6.65235622837647
1,5.7478445972496885
2,7.514537249354391
3,8.047682995930156
4,6.560469590627517
5,7.238599616036836
6,8.534761560990148
7,9.35942484848287
8,4.241266443805624
9,7.211791841931377
10,5.4333313471646125
11,5.065542344672946
12,7.437185704685036
13,8.099130974868277
14,8.290784893034127
15,5.459229939056439
16,7.1061909212809535
17,6.605137342725293
18,9.408860523967315
