Nr.,Wygenerowany czas
"{'6.1056176743512145', '1', '1.1391274905041722'}"
"{'6.926600212900899', '2', '2.5981258200449138'}"
"{'3', '0.30995071377310257', '6.874147318932374'}"
"{'7.473203003657775', '2.9786177586257576', '4'}"
