Nr.,Wygenerowany czas
"{'1', '0.9614373811964911', '6.276239415096846'}"
"{'1.489644067531883', '2', '8.307104366709503'}"
"{'3', '0.7101521240856051', '8.86480888090943'}"
"{'0.10576466456695743', '4', '9.522369822547851'}"
